-- ----------------------------
-- 2021-06-22 设置，数据字典 ， 菜单 及 权限
-- ----------------------------
INSERT INTO `sys_dict`(`id`, `dict_name`, `dict_code`, `description`, `del_flag`, `create_by`, `create_time`, `update_by`, `update_time`, `type`) VALUES ('1407344282897735682', '客户规则类型', 'tk_c_rule_type', '客户设置规则类型', 0, 'admin', '2021-06-22 22:26:39', NULL, NULL, 0);
INSERT INTO `sys_dict`(`id`, `dict_name`, `dict_code`, `description`, `del_flag`, `create_by`, `create_time`, `update_by`, `update_time`, `type`) VALUES ('1407344634871144450', '客户级别类型', 'tk_level_type', '客户级别类型', 0, 'admin', '2021-06-22 22:28:03', NULL, NULL, 0);
INSERT INTO `sys_dict`(`id`, `dict_name`, `dict_code`, `description`, `del_flag`, `create_by`, `create_time`, `update_by`, `update_time`, `type`) VALUES ('1409152976656527361', '客户服务类型', 'tk_c_service_type', '客户服务类型', 0, 'admin', '2021-06-27 22:13:45', NULL, NULL, 0);
INSERT INTO `sys_dict`(`id`, `dict_name`, `dict_code`, `description`, `del_flag`, `create_by`, `create_time`, `update_by`, `update_time`, `type`) VALUES ('1409154442288951297', '客户跟进方式', 'tk_c_flowup_model', '客户跟进方式', 0, 'admin', '2021-06-27 22:19:35', NULL, NULL, 0);
INSERT INTO `sys_dict`(`id`, `dict_name`, `dict_code`, `description`, `del_flag`, `create_by`, `create_time`, `update_by`, `update_time`, `type`) VALUES ('1409154569216978945', '客户跟进类型', 'tk_c_flowup_type', '客户跟进类型', 0, 'admin', '2021-06-27 22:20:05', NULL, NULL, 0);
INSERT INTO `sys_dict`(`id`, `dict_name`, `dict_code`, `description`, `del_flag`, `create_by`, `create_time`, `update_by`, `update_time`, `type`) VALUES ('1409155401870209025', '结算方式', 'tk_c_payable_settlement', '收款管理之结算方式', 0, 'admin', '2021-06-27 22:23:23', NULL, NULL, 0);
INSERT INTO `sys_dict`(`id`, `dict_name`, `dict_code`, `description`, `del_flag`, `create_by`, `create_time`, `update_by`, `update_time`, `type`) VALUES ('1409156049290391554', '收款项目', 'tk_c_payable_project', '收款项目', 0, 'admin', '2021-06-27 22:25:58', NULL, NULL, 0);
INSERT INTO `sys_dict`(`id`, `dict_name`, `dict_code`, `description`, `del_flag`, `create_by`, `create_time`, `update_by`, `update_time`, `type`) VALUES ('1409171010779607042', '客户户型', 'tk_c_house_type', '客户户型', 0, 'admin', '2021-06-27 23:25:25', NULL, NULL, 0);
INSERT INTO `sys_dict`(`id`, `dict_name`, `dict_code`, `description`, `del_flag`, `create_by`, `create_time`, `update_by`, `update_time`, `type`) VALUES ('1409171517891932161', '客户来源', 'tk_c_source', '客户管理之客户来源', 0, 'admin', '2021-06-27 23:27:26', NULL, NULL, 0);
INSERT INTO `sys_dict`(`id`, `dict_name`, `dict_code`, `description`, `del_flag`, `create_by`, `create_time`, `update_by`, `update_time`, `type`) VALUES ('1409172256018132993', '客户阶段', 'tk_c_stage', '客户管理之客户阶段', 0, 'admin', '2021-06-27 23:30:22', NULL, NULL, 0);
INSERT INTO `sys_dict`(`id`, `dict_name`, `dict_code`, `description`, `del_flag`, `create_by`, `create_time`, `update_by`, `update_time`, `type`) VALUES ('1409178929516507137', '收款类型', 'tk_c_payable_type', '收款管理之收款类型', 0, 'admin', '2021-06-27 23:56:53', NULL, NULL, 0);
INSERT INTO `sys_dict`(`id`, `dict_name`, `dict_code`, `description`, `del_flag`, `create_by`, `create_time`, `update_by`, `update_time`, `type`) VALUES ('1425483910538530818', '客户销售动作', 'tk_c_sale_action', '客户设置级别 之 客户销售动作', 0, 'admin', '2021-08-11 23:47:03', 'admin', '2021-08-12 00:15:58', 0);
INSERT INTO `sys_dict`(`id`, `dict_name`, `dict_code`, `description`, `del_flag`, `create_by`, `create_time`, `update_by`, `update_time`, `type`) VALUES ('1425490571126829058', '客户销售机会', 'tk_c_sale_probability', '客户设置级别 之  客户销售机会 %', 0, 'admin', '2021-08-12 00:13:31', NULL, NULL, 0);
INSERT INTO `sys_dict`(`id`, `dict_name`, `dict_code`, `description`, `del_flag`, `create_by`, `create_time`, `update_by`, `update_time`, `type`) VALUES ('1432353599587745793', '提醒方式', 'tk_c_reminder_mode', '客户跟进之提醒方式', 0, 'admin', '2021-08-30 22:44:45', NULL, NULL, 0);


INSERT INTO `sys_dict_item`(`id`, `dict_id`, `item_text`, `item_value`, `description`, `sort_order`, `status`, `create_by`, `create_time`, `update_by`, `update_time`) VALUES ('1407344383481339905', '1407344282897735682', '销售机会', '1', '', 1, 1, 'admin', '2021-06-22 22:27:03', NULL, NULL);
INSERT INTO `sys_dict_item`(`id`, `dict_id`, `item_text`, `item_value`, `description`, `sort_order`, `status`, `create_by`, `create_time`, `update_by`, `update_time`) VALUES ('1407344458953646081', '1407344282897735682', '销售动作', '2', '', 2, 1, 'admin', '2021-06-22 22:27:21', NULL, NULL);
INSERT INTO `sys_dict_item`(`id`, `dict_id`, `item_text`, `item_value`, `description`, `sort_order`, `status`, `create_by`, `create_time`, `update_by`, `update_time`) VALUES ('1407344692526047233', '1407344634871144450', 'A', 'A', '', 1, 1, 'admin', '2021-06-22 22:28:17', NULL, NULL);
INSERT INTO `sys_dict_item`(`id`, `dict_id`, `item_text`, `item_value`, `description`, `sort_order`, `status`, `create_by`, `create_time`, `update_by`, `update_time`) VALUES ('1407344736612376578', '1407344634871144450', 'B', 'B', '', 2, 1, 'admin', '2021-06-22 22:28:27', NULL, NULL);
INSERT INTO `sys_dict_item`(`id`, `dict_id`, `item_text`, `item_value`, `description`, `sort_order`, `status`, `create_by`, `create_time`, `update_by`, `update_time`) VALUES ('1407344772800831489', '1407344634871144450', 'C', 'C', '', 3, 1, 'admin', '2021-06-22 22:28:36', NULL, NULL);
INSERT INTO `sys_dict_item`(`id`, `dict_id`, `item_text`, `item_value`, `description`, `sort_order`, `status`, `create_by`, `create_time`, `update_by`, `update_time`) VALUES ('1407344823338000386', '1407344634871144450', 'D', 'D', '', 4, 1, 'admin', '2021-06-22 22:28:48', NULL, NULL);
INSERT INTO `sys_dict_item`(`id`, `dict_id`, `item_text`, `item_value`, `description`, `sort_order`, `status`, `create_by`, `create_time`, `update_by`, `update_time`) VALUES ('1409153252461375489', '1409152976656527361', '量房', '1', '', 1, 1, 'admin', '2021-06-27 22:14:51', NULL, NULL);
INSERT INTO `sys_dict_item`(`id`, `dict_id`, `item_text`, `item_value`, `description`, `sort_order`, `status`, `create_by`, `create_time`, `update_by`, `update_time`) VALUES ('1409153338025177089', '1409152976656527361', '复尺', '2', '', 2, 1, 'admin', '2021-06-27 22:15:11', NULL, NULL);
INSERT INTO `sys_dict_item`(`id`, `dict_id`, `item_text`, `item_value`, `description`, `sort_order`, `status`, `create_by`, `create_time`, `update_by`, `update_time`) VALUES ('1409153399282987009', '1409152976656527361', '出效果图', '3', '', 3, 1, 'admin', '2021-06-27 22:15:26', NULL, NULL);
INSERT INTO `sys_dict_item`(`id`, `dict_id`, `item_text`, `item_value`, `description`, `sort_order`, `status`, `create_by`, `create_time`, `update_by`, `update_time`) VALUES ('1409153491024998401', '1409152976656527361', '确定方案', '4', '', 4, 1, 'admin', '2021-06-27 22:15:48', NULL, NULL);
INSERT INTO `sys_dict_item`(`id`, `dict_id`, `item_text`, `item_value`, `description`, `sort_order`, `status`, `create_by`, `create_time`, `update_by`, `update_time`) VALUES ('1409153550248570881', '1409152976656527361', '备货', '5', '', 5, 1, 'admin', '2021-06-27 22:16:02', NULL, NULL);
INSERT INTO `sys_dict_item`(`id`, `dict_id`, `item_text`, `item_value`, `description`, `sort_order`, `status`, `create_by`, `create_time`, `update_by`, `update_time`) VALUES ('1409153609828659201', '1409152976656527361', '送货', '6', '', 6, 1, 'admin', '2021-06-27 22:16:16', NULL, NULL);
INSERT INTO `sys_dict_item`(`id`, `dict_id`, `item_text`, `item_value`, `description`, `sort_order`, `status`, `create_by`, `create_time`, `update_by`, `update_time`) VALUES ('1409153668976734210', '1409152976656527361', '对接铺贴', '7', '', 7, 1, 'admin', '2021-06-27 22:16:30', NULL, NULL);
INSERT INTO `sys_dict_item`(`id`, `dict_id`, `item_text`, `item_value`, `description`, `sort_order`, `status`, `create_by`, `create_time`, `update_by`, `update_time`) VALUES ('1409153717794238465', '1409152976656527361', '退货', '8', '', 8, 1, 'admin', '2021-06-27 22:16:42', NULL, NULL);
INSERT INTO `sys_dict_item`(`id`, `dict_id`, `item_text`, `item_value`, `description`, `sort_order`, `status`, `create_by`, `create_time`, `update_by`, `update_time`) VALUES ('1409153802645008385', '1409152976656527361', '补货', '9', '', 9, 1, 'admin', '2021-06-27 22:17:02', NULL, NULL);
INSERT INTO `sys_dict_item`(`id`, `dict_id`, `item_text`, `item_value`, `description`, `sort_order`, `status`, `create_by`, `create_time`, `update_by`, `update_time`) VALUES ('1409153862350925826', '1409152976656527361', '售后服务', '10', '', 10, 1, 'admin', '2021-06-27 22:17:16', NULL, NULL);
INSERT INTO `sys_dict_item`(`id`, `dict_id`, `item_text`, `item_value`, `description`, `sort_order`, `status`, `create_by`, `create_time`, `update_by`, `update_time`) VALUES ('1409153892130484226', '1409152976656527361', '出效果图', '11', '', 11, 1, 'admin', '2021-06-27 22:17:23', NULL, NULL);
INSERT INTO `sys_dict_item`(`id`, `dict_id`, `item_text`, `item_value`, `description`, `sort_order`, `status`, `create_by`, `create_time`, `update_by`, `update_time`) VALUES ('1409171154308689921', '1409171010779607042', '120平以内', '1', '', 1, 1, 'admin', '2021-06-27 23:25:59', NULL, NULL);
INSERT INTO `sys_dict_item`(`id`, `dict_id`, `item_text`, `item_value`, `description`, `sort_order`, `status`, `create_by`, `create_time`, `update_by`, `update_time`) VALUES ('1409171210294259714', '1409171010779607042', '120-180平', '2', '', 2, 1, 'admin', '2021-06-27 23:26:12', NULL, NULL);
INSERT INTO `sys_dict_item`(`id`, `dict_id`, `item_text`, `item_value`, `description`, `sort_order`, `status`, `create_by`, `create_time`, `update_by`, `update_time`) VALUES ('1409171258671362050', '1409171010779607042', '180平以上', '3', '', 3, 1, 'admin', '2021-06-27 23:26:24', NULL, NULL);
INSERT INTO `sys_dict_item`(`id`, `dict_id`, `item_text`, `item_value`, `description`, `sort_order`, `status`, `create_by`, `create_time`, `update_by`, `update_time`) VALUES ('1409171313214091265', '1409171010779607042', '别墅/自建', '4', '', 4, 1, 'admin', '2021-06-27 23:26:37', NULL, NULL);
INSERT INTO `sys_dict_item`(`id`, `dict_id`, `item_text`, `item_value`, `description`, `sort_order`, `status`, `create_by`, `create_time`, `update_by`, `update_time`) VALUES ('1409171342934929409', '1409171010779607042', '工程', '5', '', 5, 1, 'admin', '2021-06-27 23:26:44', NULL, NULL);
INSERT INTO `sys_dict_item`(`id`, `dict_id`, `item_text`, `item_value`, `description`, `sort_order`, `status`, `create_by`, `create_time`, `update_by`, `update_time`) VALUES ('1409171666420625410', '1409171517891932161', '自然进店', '1', '', 1, 1, 'admin', '2021-06-27 23:28:01', NULL, NULL);
INSERT INTO `sys_dict_item`(`id`, `dict_id`, `item_text`, `item_value`, `description`, `sort_order`, `status`, `create_by`, `create_time`, `update_by`, `update_time`) VALUES ('1409171719113666561', '1409171517891932161', '小区开发', '2', '', 2, 1, 'admin', '2021-06-27 23:28:14', NULL, NULL);
INSERT INTO `sys_dict_item`(`id`, `dict_id`, `item_text`, `item_value`, `description`, `sort_order`, `status`, `create_by`, `create_time`, `update_by`, `update_time`) VALUES ('1409171768002473986', '1409171517891932161', '卖场拦截', '3', '', 3, 1, 'admin', '2021-06-27 23:28:25', NULL, NULL);
INSERT INTO `sys_dict_item`(`id`, `dict_id`, `item_text`, `item_value`, `description`, `sort_order`, `status`, `create_by`, `create_time`, `update_by`, `update_time`) VALUES ('1409171820108312578', '1409171517891932161', '渠道推荐', '4', '', 4, 1, 'admin', '2021-06-27 23:28:38', NULL, NULL);
INSERT INTO `sys_dict_item`(`id`, `dict_id`, `item_text`, `item_value`, `description`, `sort_order`, `status`, `create_by`, `create_time`, `update_by`, `update_time`) VALUES ('1409171866493120513', '1409171517891932161', '客户介绍', '5', '', 5, 1, 'admin', '2021-06-27 23:28:49', NULL, NULL);
INSERT INTO `sys_dict_item`(`id`, `dict_id`, `item_text`, `item_value`, `description`, `sort_order`, `status`, `create_by`, `create_time`, `update_by`, `update_time`) VALUES ('1409171927688015873', '1409171517891932161', '客户复购', '6', '', 6, 1, 'admin', '2021-06-27 23:29:03', NULL, NULL);
INSERT INTO `sys_dict_item`(`id`, `dict_id`, `item_text`, `item_value`, `description`, `sort_order`, `status`, `create_by`, `create_time`, `update_by`, `update_time`) VALUES ('1409171970562191361', '1409171517891932161', '展会活动', '7', '', 7, 1, 'admin', '2021-06-27 23:29:14', NULL, NULL);
INSERT INTO `sys_dict_item`(`id`, `dict_id`, `item_text`, `item_value`, `description`, `sort_order`, `status`, `create_by`, `create_time`, `update_by`, `update_time`) VALUES ('1409172016032641026', '1409171517891932161', '网络获取', '8', '', 8, 1, 'admin', '2021-06-27 23:29:24', NULL, NULL);
INSERT INTO `sys_dict_item`(`id`, `dict_id`, `item_text`, `item_value`, `description`, `sort_order`, `status`, `create_by`, `create_time`, `update_by`, `update_time`) VALUES ('1409172072513138689', '1409171517891932161', '总部分配', '9', '', 9, 1, 'admin', '2021-06-27 23:29:38', NULL, NULL);
INSERT INTO `sys_dict_item`(`id`, `dict_id`, `item_text`, `item_value`, `description`, `sort_order`, `status`, `create_by`, `create_time`, `update_by`, `update_time`) VALUES ('1409172104549232641', '1409171517891932161', '其他来源', '10', '', 10, 1, 'admin', '2021-06-27 23:29:46', NULL, NULL);

INSERT INTO `sys_dict_item`(`id`, `dict_id`, `item_text`, `item_value`, `description`, `sort_order`, `status`, `create_by`, `create_time`, `update_by`, `update_time`) VALUES ('1409172733338316801', '1409172256018132993', '跟进', 'followup', '跟进Desc', 1, 1, 'admin', '2021-06-27 23:32:15', 'admin', '2021-08-18 21:19:15');
INSERT INTO `sys_dict_item`(`id`, `dict_id`, `item_text`, `item_value`, `description`, `sort_order`, `status`, `create_by`, `create_time`, `update_by`, `update_time`) VALUES ('1409172861818236929', '1409172256018132993', '签单', 'signing', '签单Desc', 2, 1, 'admin', '2021-06-27 23:32:46', 'admin', '2021-08-18 21:19:47');
INSERT INTO `sys_dict_item`(`id`, `dict_id`, `item_text`, `item_value`, `description`, `sort_order`, `status`, `create_by`, `create_time`, `update_by`, `update_time`) VALUES ('1409172916889448450', '1409172256018132993', '交付', 'delivery', '交付Desc', 3, 1, 'admin', '2021-06-27 23:32:59', 'admin', '2021-08-18 21:20:14');
INSERT INTO `sys_dict_item`(`id`, `dict_id`, `item_text`, `item_value`, `description`, `sort_order`, `status`, `create_by`, `create_time`, `update_by`, `update_time`) VALUES ('1409172959201587202', '1409172256018132993', '公海', 'highseas', '公海Desc', 4, 1, 'admin', '2021-06-27 23:33:09', 'admin', '2021-08-18 21:20:40');
INSERT INTO `sys_dict_item`(`id`, `dict_id`, `item_text`, `item_value`, `description`, `sort_order`, `status`, `create_by`, `create_time`, `update_by`, `update_time`) VALUES ('1409172995150966785', '1409172256018132993', '流失', 'loss', '流失Desc', 5, 1, 'admin', '2021-06-27 23:33:18', 'admin', '2021-08-18 21:21:03');

INSERT INTO `sys_dict_item`(`id`, `dict_id`, `item_text`, `item_value`, `description`, `sort_order`, `status`, `create_by`, `create_time`, `update_by`, `update_time`) VALUES ('1409173531266904066', '1409155401870209025', '微信', '1', '', 1, 1, 'admin', '2021-06-27 23:35:26', NULL, NULL);
INSERT INTO `sys_dict_item`(`id`, `dict_id`, `item_text`, `item_value`, `description`, `sort_order`, `status`, `create_by`, `create_time`, `update_by`, `update_time`) VALUES ('1409173595146153985', '1409155401870209025', '支付宝', '2', '', 2, 1, 'admin', '2021-06-27 23:35:41', NULL, NULL);
INSERT INTO `sys_dict_item`(`id`, `dict_id`, `item_text`, `item_value`, `description`, `sort_order`, `status`, `create_by`, `create_time`, `update_by`, `update_time`) VALUES ('1409173665216196610', '1409155401870209025', '现金', '3', '', 3, 1, 'admin', '2021-06-27 23:35:58', NULL, NULL);
INSERT INTO `sys_dict_item`(`id`, `dict_id`, `item_text`, `item_value`, `description`, `sort_order`, `status`, `create_by`, `create_time`, `update_by`, `update_time`) VALUES ('1409173717397532674', '1409155401870209025', 'POS', '4', '', 4, 1, 'admin', '2021-06-27 23:36:10', NULL, NULL);
INSERT INTO `sys_dict_item`(`id`, `dict_id`, `item_text`, `item_value`, `description`, `sort_order`, `status`, `create_by`, `create_time`, `update_by`, `update_time`) VALUES ('1409173762410803202', '1409155401870209025', '转账', '5', '', 5, 1, 'admin', '2021-06-27 23:36:21', NULL, NULL);
INSERT INTO `sys_dict_item`(`id`, `dict_id`, `item_text`, `item_value`, `description`, `sort_order`, `status`, `create_by`, `create_time`, `update_by`, `update_time`) VALUES ('1409173810917928961', '1409155401870209025', '内部调账', '6', '', 6, 1, 'admin', '2021-06-27 23:36:32', NULL, NULL);
INSERT INTO `sys_dict_item`(`id`, `dict_id`, `item_text`, `item_value`, `description`, `sort_order`, `status`, `create_by`, `create_time`, `update_by`, `update_time`) VALUES ('1409173863011184642', '1409155401870209025', '承兑汇票', '7', '', 7, 1, 'admin', '2021-06-27 23:36:45', NULL, NULL);
INSERT INTO `sys_dict_item`(`id`, `dict_id`, `item_text`, `item_value`, `description`, `sort_order`, `status`, `create_by`, `create_time`, `update_by`, `update_time`) VALUES ('1409173913560936450', '1409155401870209025', '支票', '8', '', 8, 1, 'admin', '2021-06-27 23:36:57', NULL, NULL);
INSERT INTO `sys_dict_item`(`id`, `dict_id`, `item_text`, `item_value`, `description`, `sort_order`, `status`, `create_by`, `create_time`, `update_by`, `update_time`) VALUES ('1409173962089033729', '1409155401870209025', '卖场收款', '9', '', 9, 1, 'admin', '2021-06-27 23:37:08', NULL, NULL);
INSERT INTO `sys_dict_item`(`id`, `dict_id`, `item_text`, `item_value`, `description`, `sort_order`, `status`, `create_by`, `create_time`, `update_by`, `update_time`) VALUES ('1409174018670194689', '1409155401870209025', '联盟收款', '10', '', 10, 1, 'admin', '2021-06-27 23:37:22', NULL, NULL);
INSERT INTO `sys_dict_item`(`id`, `dict_id`, `item_text`, `item_value`, `description`, `sort_order`, `status`, `create_by`, `create_time`, `update_by`, `update_time`) VALUES ('1409174058805489666', '1409155401870209025', '银行收款码', '11', '', 11, 1, 'admin', '2021-06-27 23:37:31', NULL, NULL);
INSERT INTO `sys_dict_item`(`id`, `dict_id`, `item_text`, `item_value`, `description`, `sort_order`, `status`, `create_by`, `create_time`, `update_by`, `update_time`) VALUES ('1409174092410253313', '1409155401870209025', '其他', '12', '', 12, 1, 'admin', '2021-06-27 23:37:39', NULL, NULL);
INSERT INTO `sys_dict_item`(`id`, `dict_id`, `item_text`, `item_value`, `description`, `sort_order`, `status`, `create_by`, `create_time`, `update_by`, `update_time`) VALUES ('1409174276234014721', '1409154569216978945', '首次进店', '1', '', 1, 1, 'admin', '2021-06-27 23:38:23', NULL, NULL);
INSERT INTO `sys_dict_item`(`id`, `dict_id`, `item_text`, `item_value`, `description`, `sort_order`, `status`, `create_by`, `create_time`, `update_by`, `update_time`) VALUES ('1409174324132966402', '1409154569216978945', '二次进店', '2', '', 2, 1, 'admin', '2021-06-27 23:38:35', NULL, NULL);
INSERT INTO `sys_dict_item`(`id`, `dict_id`, `item_text`, `item_value`, `description`, `sort_order`, `status`, `create_by`, `create_time`, `update_by`, `update_time`) VALUES ('1409174373042745346', '1409154569216978945', '多次进店', '3', '', 3, 1, 'admin', '2021-06-27 23:38:46', NULL, NULL);
INSERT INTO `sys_dict_item`(`id`, `dict_id`, `item_text`, `item_value`, `description`, `sort_order`, `status`, `create_by`, `create_time`, `update_by`, `update_time`) VALUES ('1409174402453204993', '1409154569216978945', '流失', '4', '', 4, 1, 'admin', '2021-06-27 23:38:53', NULL, NULL);
INSERT INTO `sys_dict_item`(`id`, `dict_id`, `item_text`, `item_value`, `description`, `sort_order`, `status`, `create_by`, `create_time`, `update_by`, `update_time`) VALUES ('1409175493626556417', '1409156049290391554', '定金', '1', '', 1, 1, 'admin', '2021-06-27 23:43:14', NULL, NULL);
INSERT INTO `sys_dict_item`(`id`, `dict_id`, `item_text`, `item_value`, `description`, `sort_order`, `status`, `create_by`, `create_time`, `update_by`, `update_time`) VALUES ('1409175539013120001', '1409156049290391554', '回款', '2', '', 2, 1, 'admin', '2021-06-27 23:43:24', NULL, NULL);
INSERT INTO `sys_dict_item`(`id`, `dict_id`, `item_text`, `item_value`, `description`, `sort_order`, `status`, `create_by`, `create_time`, `update_by`, `update_time`) VALUES ('1409175567295311874', '1409156049290391554', '尾款', '3', '', 3, 1, 'admin', '2021-06-27 23:43:31', NULL, NULL);
INSERT INTO `sys_dict_item`(`id`, `dict_id`, `item_text`, `item_value`, `description`, `sort_order`, `status`, `create_by`, `create_time`, `update_by`, `update_time`) VALUES ('1409175885403910146', '1409154442288951297', '店面接待', '1', '', 1, 1, 'admin', '2021-06-27 23:44:47', NULL, NULL);
INSERT INTO `sys_dict_item`(`id`, `dict_id`, `item_text`, `item_value`, `description`, `sort_order`, `status`, `create_by`, `create_time`, `update_by`, `update_time`) VALUES ('1409175947152453634', '1409154442288951297', '当面拜访', '2', '', 2, 1, 'admin', '2021-06-27 23:45:02', NULL, NULL);
INSERT INTO `sys_dict_item`(`id`, `dict_id`, `item_text`, `item_value`, `description`, `sort_order`, `status`, `create_by`, `create_time`, `update_by`, `update_time`) VALUES ('1409176004190793729', '1409154442288951297', '电话拜访', '3', '', 3, 1, 'admin', '2021-06-27 23:45:15', NULL, NULL);
INSERT INTO `sys_dict_item`(`id`, `dict_id`, `item_text`, `item_value`, `description`, `sort_order`, `status`, `create_by`, `create_time`, `update_by`, `update_time`) VALUES ('1409176037611008002', '1409154442288951297', '网络拜访', '4', '', 4, 1, 'admin', '2021-06-27 23:45:23', NULL, NULL);
INSERT INTO `sys_dict_item`(`id`, `dict_id`, `item_text`, `item_value`, `description`, `sort_order`, `status`, `create_by`, `create_time`, `update_by`, `update_time`) VALUES ('1409178980766707714', '1409178929516507137', '收款', '1', '', 1, 1, 'admin', '2021-06-27 23:57:05', NULL, NULL);
INSERT INTO `sys_dict_item`(`id`, `dict_id`, `item_text`, `item_value`, `description`, `sort_order`, `status`, `create_by`, `create_time`, `update_by`, `update_time`) VALUES ('1409179026249740290', '1409178929516507137', '退款', '2', '', 2, 1, 'admin', '2021-06-27 23:57:16', NULL, NULL);
INSERT INTO `sys_dict_item`(`id`, `dict_id`, `item_text`, `item_value`, `description`, `sort_order`, `status`, `create_by`, `create_time`, `update_by`, `update_time`) VALUES ('1425484005522739201', '1425483910538530818', '进店', '1', '', 1, 1, 'admin', '2021-08-11 23:47:26', NULL, NULL);
INSERT INTO `sys_dict_item`(`id`, `dict_id`, `item_text`, `item_value`, `description`, `sort_order`, `status`, `create_by`, `create_time`, `update_by`, `update_time`) VALUES ('1425484054034059266', '1425483910538530818', '测量', '2', '', 2, 1, 'admin', '2021-08-11 23:47:37', NULL, NULL);
INSERT INTO `sys_dict_item`(`id`, `dict_id`, `item_text`, `item_value`, `description`, `sort_order`, `status`, `create_by`, `create_time`, `update_by`, `update_time`) VALUES ('1425484102721540097', '1425483910538530818', '方案', '3', '', 3, 1, 'admin', '2021-08-11 23:47:49', NULL, NULL);
INSERT INTO `sys_dict_item`(`id`, `dict_id`, `item_text`, `item_value`, `description`, `sort_order`, `status`, `create_by`, `create_time`, `update_by`, `update_time`) VALUES ('1425490644627812353', '1425490571126829058', '10', '10', '', 1, 1, 'admin', '2021-08-12 00:13:49', NULL, NULL);
INSERT INTO `sys_dict_item`(`id`, `dict_id`, `item_text`, `item_value`, `description`, `sort_order`, `status`, `create_by`, `create_time`, `update_by`, `update_time`) VALUES ('1425490697979359234', '1425490571126829058', '20', '20', '', 2, 1, 'admin', '2021-08-12 00:14:01', NULL, NULL);
INSERT INTO `sys_dict_item`(`id`, `dict_id`, `item_text`, `item_value`, `description`, `sort_order`, `status`, `create_by`, `create_time`, `update_by`, `update_time`) VALUES ('1425490737577783298', '1425490571126829058', '30', '30', '', 3, 1, 'admin', '2021-08-12 00:14:11', NULL, NULL);
INSERT INTO `sys_dict_item`(`id`, `dict_id`, `item_text`, `item_value`, `description`, `sort_order`, `status`, `create_by`, `create_time`, `update_by`, `update_time`) VALUES ('1425490795727613954', '1425490571126829058', '40', '40', '', 4, 1, 'admin', '2021-08-12 00:14:25', NULL, NULL);
INSERT INTO `sys_dict_item`(`id`, `dict_id`, `item_text`, `item_value`, `description`, `sort_order`, `status`, `create_by`, `create_time`, `update_by`, `update_time`) VALUES ('1425490849691529217', '1425490571126829058', '50', '50', '', 5, 1, 'admin', '2021-08-12 00:14:38', NULL, NULL);
INSERT INTO `sys_dict_item`(`id`, `dict_id`, `item_text`, `item_value`, `description`, `sort_order`, `status`, `create_by`, `create_time`, `update_by`, `update_time`) VALUES ('1425490902200020994', '1425490571126829058', '60', '60', '', 6, 1, 'admin', '2021-08-12 00:14:50', NULL, NULL);
INSERT INTO `sys_dict_item`(`id`, `dict_id`, `item_text`, `item_value`, `description`, `sort_order`, `status`, `create_by`, `create_time`, `update_by`, `update_time`) VALUES ('1425490945267134466', '1425490571126829058', '70', '70', '', 7, 1, 'admin', '2021-08-12 00:15:00', NULL, NULL);
INSERT INTO `sys_dict_item`(`id`, `dict_id`, `item_text`, `item_value`, `description`, `sort_order`, `status`, `create_by`, `create_time`, `update_by`, `update_time`) VALUES ('1425490990108438530', '1425490571126829058', '80', '80', '', 8, 1, 'admin', '2021-08-12 00:15:11', NULL, NULL);
INSERT INTO `sys_dict_item`(`id`, `dict_id`, `item_text`, `item_value`, `description`, `sort_order`, `status`, `create_by`, `create_time`, `update_by`, `update_time`) VALUES ('1425491030017241089', '1425490571126829058', '90', '90', '', 9, 1, 'admin', '2021-08-12 00:15:21', NULL, NULL);
INSERT INTO `sys_dict_item`(`id`, `dict_id`, `item_text`, `item_value`, `description`, `sort_order`, `status`, `create_by`, `create_time`, `update_by`, `update_time`) VALUES ('1425491069124931586', '1425490571126829058', '100', '100', '', 10, 1, 'admin', '2021-08-12 00:15:30', NULL, NULL);
INSERT INTO `sys_dict_item`(`id`, `dict_id`, `item_text`, `item_value`, `description`, `sort_order`, `status`, `create_by`, `create_time`, `update_by`, `update_time`) VALUES ('1432353816517148673', '1432353599587745793', '跟进时间开始', 'begin', '', 1, 1, 'admin', '2021-08-30 22:45:36', NULL, NULL);
INSERT INTO `sys_dict_item`(`id`, `dict_id`, `item_text`, `item_value`, `description`, `sort_order`, `status`, `create_by`, `create_time`, `update_by`, `update_time`) VALUES ('1432353922834366466', '1432353599587745793', '提前15分钟', '15min', '', 2, 1, 'admin', '2021-08-30 22:46:02', NULL, NULL);
INSERT INTO `sys_dict_item`(`id`, `dict_id`, `item_text`, `item_value`, `description`, `sort_order`, `status`, `create_by`, `create_time`, `update_by`, `update_time`) VALUES ('1432354008595300354', '1432353599587745793', '提前1个小时', '1hour', '', 3, 1, 'admin', '2021-08-30 22:46:22', NULL, NULL);
INSERT INTO `sys_dict_item`(`id`, `dict_id`, `item_text`, `item_value`, `description`, `sort_order`, `status`, `create_by`, `create_time`, `update_by`, `update_time`) VALUES ('1432354082083700738', '1432353599587745793', '提前1天', '1day', '', 4, 1, 'admin', '2021-08-30 22:46:40', NULL, NULL);
INSERT INTO `sys_dict_item`(`id`, `dict_id`, `item_text`, `item_value`, `description`, `sort_order`, `status`, `create_by`, `create_time`, `update_by`, `update_time`) VALUES ('1432354158445199362', '1432353599587745793', '提前3天', '3day', '', 5, 1, 'admin', '2021-08-30 22:46:58', NULL, NULL);
INSERT INTO `sys_dict_item`(`id`, `dict_id`, `item_text`, `item_value`, `description`, `sort_order`, `status`, `create_by`, `create_time`, `update_by`, `update_time`) VALUES ('1432354235976908801', '1432353599587745793', '提前1周', '1week', '', 6, 1, 'admin', '2021-08-30 22:47:16', NULL, NULL);
INSERT INTO `sys_dict_item`(`id`, `dict_id`, `item_text`, `item_value`, `description`, `sort_order`, `status`, `create_by`, `create_time`, `update_by`, `update_time`) VALUES ('1432354286241447937', '1432353599587745793', '其他', 'other', '', 7, 1, 'admin', '2021-08-30 22:47:28', NULL, NULL);


INSERT INTO `sys_permission`(`id`, `parent_id`, `name`, `url`, `component`, `component_name`, `redirect`, `menu_type`, `perms`, `perms_type`, `sort_no`, `always_show`, `icon`, `is_route`, `is_leaf`, `keep_alive`, `hidden`, `description`, `create_by`, `create_time`, `update_by`, `update_time`, `del_flag`, `rule_flag`, `status`, `internal_or_external`) VALUES ('1407341306292428802', NULL, '用户设置', '/setting', 'layouts/RouteView', NULL, NULL, 0, NULL, '1', 1.00, 0, 'tool', 1, 0, 0, 0, NULL, 'admin', '2021-06-22 22:14:49', NULL, NULL, 0, 0, '1', 0);
INSERT INTO `sys_permission`(`id`, `parent_id`, `name`, `url`, `component`, `component_name`, `redirect`, `menu_type`, `perms`, `perms_type`, `sort_no`, `always_show`, `icon`, `is_route`, `is_leaf`, `keep_alive`, `hidden`, `description`, `create_by`, `create_time`, `update_by`, `update_time`, `del_flag`, `rule_flag`, `status`, `internal_or_external`) VALUES ('1407342054174580738', '1407341306292428802', '客户设置', '/setting/customer', 'unified/setting/customer/TkSetCustomerList', NULL, NULL, 1, NULL, '1', 1.00, 0, 'user', 1, 1, 0, 0, NULL, 'admin', '2021-06-22 22:17:48', NULL, NULL, 0, 0, '1', 0);
INSERT INTO `sys_permission`(`id`, `parent_id`, `name`, `url`, `component`, `component_name`, `redirect`, `menu_type`, `perms`, `perms_type`, `sort_no`, `always_show`, `icon`, `is_route`, `is_leaf`, `keep_alive`, `hidden`, `description`, `create_by`, `create_time`, `update_by`, `update_time`, `del_flag`, `rule_flag`, `status`, `internal_or_external`) VALUES ('1407342518437896194', '1407341306292428802', '标签设置', '/setting/tags', 'unified/setting/tags/TkSetCustomerTagList', NULL, NULL, 1, NULL, '1', 2.00, 0, 'fork', 1, 1, 0, 0, NULL, 'admin', '2021-06-22 22:19:38', NULL, NULL, 0, 0, '1', 0);
INSERT INTO `sys_permission`(`id`, `parent_id`, `name`, `url`, `component`, `component_name`, `redirect`, `menu_type`, `perms`, `perms_type`, `sort_no`, `always_show`, `icon`, `is_route`, `is_leaf`, `keep_alive`, `hidden`, `description`, `create_by`, `create_time`, `update_by`, `update_time`, `del_flag`, `rule_flag`, `status`, `internal_or_external`) VALUES ('1344093375562706946', '', '客户管理', '/tokeruser', 'layouts/RouteView', NULL, NULL, 0, NULL, '1', 1.00, 0, 'team', 1, 0, 0, 0, NULL, 'admin', '2020-12-30 09:30:07', 'admin', '2020-12-31 21:52:10', 0, 0, '1', 0);

INSERT INTO `sys_role_permission`(`id`, `role_id`, `permission_id`, `data_rule_ids`, `operate_date`, `operate_ip`) VALUES ('1407342775074775042', 'f6817f48af4fb3af11b9e8bf182f618b', '1407341306292428802', NULL, '2021-06-22 22:20:39', '0:0:0:0:0:0:0:1');
INSERT INTO `sys_role_permission`(`id`, `role_id`, `permission_id`, `data_rule_ids`, `operate_date`, `operate_ip`) VALUES ('1407342775083163649', 'f6817f48af4fb3af11b9e8bf182f618b', '1407342054174580738', NULL, '2021-06-22 22:20:39', '0:0:0:0:0:0:0:1');
INSERT INTO `sys_role_permission`(`id`, `role_id`, `permission_id`, `data_rule_ids`, `operate_date`, `operate_ip`) VALUES ('1407342775083163650', 'f6817f48af4fb3af11b9e8bf182f618b', '1407342518437896194', NULL, '2021-06-22 22:20:39', '0:0:0:0:0:0:0:1');
INSERT INTO `sys_role_permission`(`id`, `role_id`, `permission_id`, `data_rule_ids`, `operate_date`, `operate_ip`) VALUES ('1344094560105459714', 'f6817f48af4fb3af11b9e8bf182f618b', '1344093375562706946', NULL, '2020-12-30 09:34:50', '0:0:0:0:0:0:0:1');










