-- --------------------------------------------------------
-- 在原有的表基础上，存放 相关 的数据。
-- --------------------------------------------------------

-- ----------------------------
-- sys_dict
-- ----------------------------
INSERT INTO `sys_dict`(`id`, `dict_name`, `dict_code`, `description`, `del_flag`, `create_by`, `create_time`, `update_by`, `update_time`, `type`) VALUES ('1344457177869295617', '装修进度', 'tk_fitup_progress', '业主房子装修阶段', 0, 'admin', '2020-12-31 09:35:45', NULL, NULL, 0);
INSERT INTO `sys_dict`(`id`, `dict_name`, `dict_code`, `description`, `del_flag`, `create_by`, `create_time`, `update_by`, `update_time`, `type`) VALUES ('1343842621505433602', '身份', 'tk_identity', '拓客用户身份', 0, 'admin', '2020-12-29 16:53:43', NULL, NULL, 0);


-- ----------------------------
-- sys_dict_item
-- ----------------------------
INSERT INTO `sys_dict_item`(`id`, `dict_id`, `item_text`, `item_value`, `description`, `sort_order`, `status`, `create_by`, `create_time`, `update_by`, `update_time`) VALUES ('1343828682847580162', '845da5006c97754728bf48b6a10f79cc', '禁止', '0', '拓客用户在使用', 1, 1, 'admin', '2020-12-29 15:58:20', NULL, NULL);
INSERT INTO `sys_dict_item`(`id`, `dict_id`, `item_text`, `item_value`, `description`, `sort_order`, `status`, `create_by`, `create_time`, `update_by`, `update_time`) VALUES ('1343842881636167681', '1343842621505433602', '设计师', '1', '', 1, 1, 'admin', '2020-12-29 16:54:45', NULL, NULL);
INSERT INTO `sys_dict_item`(`id`, `dict_id`, `item_text`, `item_value`, `description`, `sort_order`, `status`, `create_by`, `create_time`, `update_by`, `update_time`) VALUES ('1343842952561848321', '1343842621505433602', '施工监理', '2', '', 1, 1, 'admin', '2020-12-29 16:55:02', NULL, NULL);
INSERT INTO `sys_dict_item`(`id`, `dict_id`, `item_text`, `item_value`, `description`, `sort_order`, `status`, `create_by`, `create_time`, `update_by`, `update_time`) VALUES ('1343843024032788481', '1343842621505433602', '老客户', '3', '', 1, 1, 'admin', '2020-12-29 16:55:19', NULL, NULL);
INSERT INTO `sys_dict_item`(`id`, `dict_id`, `item_text`, `item_value`, `description`, `sort_order`, `status`, `create_by`, `create_time`, `update_by`, `update_time`) VALUES ('1343843065002749953', '1343842621505433602', '物业楼长', '4', '', 1, 1, 'admin', '2020-12-29 16:55:29', NULL, NULL);
INSERT INTO `sys_dict_item`(`id`, `dict_id`, `item_text`, `item_value`, `description`, `sort_order`, `status`, `create_by`, `create_time`, `update_by`, `update_time`) VALUES ('1343843157185163265', '1343842621505433602', '工长', '5', '', 1, 1, 'admin', '2020-12-29 16:55:51', NULL, NULL);
INSERT INTO `sys_dict_item`(`id`, `dict_id`, `item_text`, `item_value`, `description`, `sort_order`, `status`, `create_by`, `create_time`, `update_by`, `update_time`) VALUES ('1343843238135230466', '1343842621505433602', '异业', '6', '', 1, 1, 'admin', '2020-12-29 16:56:10', NULL, NULL);
INSERT INTO `sys_dict_item`(`id`, `dict_id`, `item_text`, `item_value`, `description`, `sort_order`, `status`, `create_by`, `create_time`, `update_by`, `update_time`) VALUES ('1343843308029112322', '1343842621505433602', '其他渠道', '7', '', 1, 1, 'admin', '2020-12-29 16:56:27', NULL, NULL);

INSERT INTO `sys_dict_item`(`id`, `dict_id`, `item_text`, `item_value`, `description`, `sort_order`, `status`, `create_by`, `create_time`, `update_by`, `update_time`) VALUES ('1344457509991063553', '1344457177869295617', '未动工', '1', '', 1, 1, 'admin', '2020-12-31 09:37:04', NULL, NULL);
INSERT INTO `sys_dict_item`(`id`, `dict_id`, `item_text`, `item_value`, `description`, `sort_order`, `status`, `create_by`, `create_time`, `update_by`, `update_time`) VALUES ('1344457568933617666', '1344457177869295617', '水电', '2', '', 1, 1, 'admin', '2020-12-31 09:37:18', NULL, NULL);
INSERT INTO `sys_dict_item`(`id`, `dict_id`, `item_text`, `item_value`, `description`, `sort_order`, `status`, `create_by`, `create_time`, `update_by`, `update_time`) VALUES ('1344457672017027073', '1344457177869295617', '贴砖', '3', '', 1, 1, 'admin', '2020-12-31 09:37:42', NULL, NULL);
INSERT INTO `sys_dict_item`(`id`, `dict_id`, `item_text`, `item_value`, `description`, `sort_order`, `status`, `create_by`, `create_time`, `update_by`, `update_time`) VALUES ('1344457721404956673', '1344457177869295617', '后期', '4', '', 1, 1, 'admin', '2020-12-31 09:37:54', NULL, NULL);

-- ----------------------------
-- sys_permission
-- ----------------------------
INSERT INTO `sys_permission`(`id`, `parent_id`, `name`, `url`, `component`, `component_name`, `redirect`, `menu_type`, `perms`, `perms_type`, `sort_no`, `always_show`, `icon`, `is_route`, `is_leaf`, `keep_alive`, `hidden`, `description`, `create_by`, `create_time`, `update_by`, `update_time`, `del_flag`, `rule_flag`, `status`, `internal_or_external`) VALUES ('1344093375562706946', '', '客户管理', '/tokeruser', 'layouts/RouteView', NULL, NULL, 0, NULL, '1', 1.00, 0, 'team', 1, 0, 0, 0, NULL, 'admin', '2020-12-30 09:30:07', 'admin', '2020-12-31 21:52:10', 0, 0, '1', 0);
INSERT INTO `sys_permission`(`id`, `parent_id`, `name`, `url`, `component`, `component_name`, `redirect`, `menu_type`, `perms`, `perms_type`, `sort_no`, `always_show`, `icon`, `is_route`, `is_leaf`, `keep_alive`, `hidden`, `description`, `create_by`, `create_time`, `update_by`, `update_time`, `del_flag`, `rule_flag`, `status`, `internal_or_external`) VALUES ('1344094113374334977', '1344093375562706946', '用户信息', '/toker/user/TkUserList', 'toker/user/TkUserList', NULL, NULL, 1, NULL, '1', 1.00, 0, 'user', 1, 1, 0, 0, NULL, 'admin', '2020-12-30 09:33:03', NULL, NULL, 0, 0, '1', 0);
INSERT INTO `sys_permission`(`id`, `parent_id`, `name`, `url`, `component`, `component_name`, `redirect`, `menu_type`, `perms`, `perms_type`, `sort_no`, `always_show`, `icon`, `is_route`, `is_leaf`, `keep_alive`, `hidden`, `description`, `create_by`, `create_time`, `update_by`, `update_time`, `del_flag`, `rule_flag`, `status`, `internal_or_external`) VALUES ('1344466049577197569', '', '拓客管理', '/tokereport', 'layouts/RouteView', NULL, NULL, 0, NULL, '1', 1.00, 0, 'contacts', 1, 0, 0, 0, NULL, 'admin', '2020-12-31 10:11:00', 'admin', '2020-12-31 21:50:06', 0, 0, '1', 0);
INSERT INTO `sys_permission`(`id`, `parent_id`, `name`, `url`, `component`, `component_name`, `redirect`, `menu_type`, `perms`, `perms_type`, `sort_no`, `always_show`, `icon`, `is_route`, `is_leaf`, `keep_alive`, `hidden`, `description`, `create_by`, `create_time`, `update_by`, `update_time`, `del_flag`, `rule_flag`, `status`, `internal_or_external`) VALUES ('1344468973824974849', '1344466049577197569', '信息报备', '/toker/report/TkInfoReportList', 'toker/report/TkInfoReportList', NULL, NULL, 1, NULL, '1', 1.00, 0, 'fork', 1, 1, 0, 0, NULL, 'admin', '2020-12-31 10:22:37', NULL, NULL, 0, 0, '1', 0);
INSERT INTO `sys_permission`(`id`, `parent_id`, `name`, `url`, `component`, `component_name`, `redirect`, `menu_type`, `perms`, `perms_type`, `sort_no`, `always_show`, `icon`, `is_route`, `is_leaf`, `keep_alive`, `hidden`, `description`, `create_by`, `create_time`, `update_by`, `update_time`, `del_flag`, `rule_flag`, `status`, `internal_or_external`) VALUES ('1344469801189187585', '1344466049577197569', '地址临时', '/toker/address/TkVillageAddressList', 'toker/address/TkVillageAddressList', NULL, NULL, 1, NULL, '1', 1.00, 0, 'bank', 1, 1, 0, 0, NULL, 'admin', '2020-12-31 10:25:54', NULL, NULL, 0, 0, '1', 0);
INSERT INTO `sys_permission`(`id`, `parent_id`, `name`, `url`, `component`, `component_name`, `redirect`, `menu_type`, `perms`, `perms_type`, `sort_no`, `always_show`, `icon`, `is_route`, `is_leaf`, `keep_alive`, `hidden`, `description`, `create_by`, `create_time`, `update_by`, `update_time`, `del_flag`, `rule_flag`, `status`, `internal_or_external`) VALUES ('1346129316862566402', '1344466049577197569', '产品管理', '/toker/product/TkProductList', 'toker/product/TkProductList', NULL, NULL, 1, NULL, '1', 3.00, 0, 'reconciliation', 1, 1, 0, 0, NULL, 'admin', '2021-01-05 00:20:14', 'admin', '2021-01-05 00:22:18', 0, 0, '1', 0);

-- ----------------------------
-- sys_role_permission
-- ----------------------------
INSERT INTO `sys_role_permission`(`id`, `role_id`, `permission_id`, `data_rule_ids`, `operate_date`, `operate_ip`) VALUES ('1344094560105459714', 'f6817f48af4fb3af11b9e8bf182f618b', '1344093375562706946', NULL, '2020-12-30 09:34:50', '0:0:0:0:0:0:0:1');
INSERT INTO `sys_role_permission`(`id`, `role_id`, `permission_id`, `data_rule_ids`, `operate_date`, `operate_ip`) VALUES ('1344094560126431234', 'f6817f48af4fb3af11b9e8bf182f618b', '1344094113374334977', NULL, '2020-12-30 09:34:50', '0:0:0:0:0:0:0:1');
INSERT INTO `sys_role_permission`(`id`, `role_id`, `permission_id`, `data_rule_ids`, `operate_date`, `operate_ip`) VALUES ('1344469893736505345', 'f6817f48af4fb3af11b9e8bf182f618b', '1344466049577197569', NULL, '2020-12-31 10:26:16', '0:0:0:0:0:0:0:1');
INSERT INTO `sys_role_permission`(`id`, `role_id`, `permission_id`, `data_rule_ids`, `operate_date`, `operate_ip`) VALUES ('1344469893761671170', 'f6817f48af4fb3af11b9e8bf182f618b', '1344468973824974849', NULL, '2020-12-31 10:26:16', '0:0:0:0:0:0:0:1');
INSERT INTO `sys_role_permission`(`id`, `role_id`, `permission_id`, `data_rule_ids`, `operate_date`, `operate_ip`) VALUES ('1344469893765865474', 'f6817f48af4fb3af11b9e8bf182f618b', '1344469801189187585', NULL, '2020-12-31 10:26:16', '0:0:0:0:0:0:0:1');
INSERT INTO `sys_role_permission`(`id`, `role_id`, `permission_id`, `data_rule_ids`, `operate_date`, `operate_ip`) VALUES ('1346255094013444097', 'f6817f48af4fb3af11b9e8bf182f618b', '1346129316862566402', NULL, '2021-01-05 08:40:01', '0:0:0:0:0:0:0:1');

-- ----------------------------
-- @date 01-19 用户级别
-- ----------------------------
INSERT INTO `sys_permission`(`id`, `parent_id`, `name`, `url`, `component`, `component_name`, `redirect`, `menu_type`, `perms`, `perms_type`, `sort_no`, `always_show`, `icon`, `is_route`, `is_leaf`, `keep_alive`, `hidden`, `description`, `create_by`, `create_time`, `update_by`, `update_time`, `del_flag`, `rule_flag`, `status`, `internal_or_external`) VALUES ('1351174774978121730', '1344093375562706946', '用户级别', '/toker/memberlevel', 'toker/user/TkMemberUserLevelList', NULL, NULL, 1, NULL, '1', 1.00, 0, 'trophy', 1, 1, 0, 0, NULL, 'admin', '2021-01-18 22:29:05', 'admin', '2021-02-07 16:45:20', 0, 0, '1', 0);
INSERT INTO `sys_role_permission`(`id`, `role_id`, `permission_id`, `data_rule_ids`, `operate_date`, `operate_ip`) VALUES ('1351175038057451522', 'f6817f48af4fb3af11b9e8bf182f618b', '1351174774978121730', NULL, '2021-01-18 22:30:07', '0:0:0:0:0:0:0:1');

INSERT INTO `sys_permission`(`id`, `parent_id`, `name`, `url`, `component`, `component_name`, `redirect`, `menu_type`, `perms`, `perms_type`, `sort_no`, `always_show`, `icon`, `is_route`, `is_leaf`, `keep_alive`, `hidden`, `description`, `create_by`, `create_time`, `update_by`, `update_time`, `del_flag`, `rule_flag`, `status`, `internal_or_external`) VALUES ('1349529275626856450', 'd7d6e2e4e2934f2c9385a623fd98c6f3', '系统参数配置', '/isystem/sysconfig', 'toker/config/TkSystemConfigList', NULL, NULL, 1, NULL, '1', 1.00, 0, 'setting', 1, 1, 0, 0, NULL, 'admin', '2021-01-14 09:30:27', 'admin', '2021-01-14 09:31:43', 0, 0, '1', 0);
INSERT INTO `sys_role_permission`(`id`, `role_id`, `permission_id`, `data_rule_ids`, `operate_date`, `operate_ip`) VALUES ('1349529745061748737', 'f6817f48af4fb3af11b9e8bf182f618b', '1349529275626856450', NULL, '2021-01-14 09:32:19', '0:0:0:0:0:0:0:1');

-- ----------------------------
-- @date 02-16 address
-- ----------------------------
INSERT INTO `sys_permission`(`id`, `parent_id`, `name`, `url`, `component`, `component_name`, `redirect`, `menu_type`, `perms`, `perms_type`, `sort_no`, `always_show`, `icon`, `is_route`, `is_leaf`, `keep_alive`, `hidden`, `description`, `create_by`, `create_time`, `update_by`, `update_time`, `del_flag`, `rule_flag`, `status`, `internal_or_external`) VALUES ('1359180048058019842', '1344466049577197569', '装修户型', '/toker/estate/TkDecoratedAddressList', 'toker/estate/TkDecoratedAddressList', NULL, NULL, 1, NULL, '1', 1.00, 0, 'environment', 1, 1, 0, 0, NULL, 'admin', '2021-02-10 00:39:10', 'admin', '2021-02-15 22:33:12', 0, 0, '1', 0);
INSERT INTO `sys_permission`(`id`, `parent_id`, `name`, `url`, `component`, `component_name`, `redirect`, `menu_type`, `perms`, `perms_type`, `sort_no`, `always_show`, `icon`, `is_route`, `is_leaf`, `keep_alive`, `hidden`, `description`, `create_by`, `create_time`, `update_by`, `update_time`, `del_flag`, `rule_flag`, `status`, `internal_or_external`) VALUES ('1359179432111894529', '1344466049577197569', '楼盘管理', '/toker/estate/TkHousingEstateList', 'toker/estate/TkHousingEstateList', NULL, NULL, 1, NULL, '1', 1.00, 0, 'home', 1, 1, 0, 0, NULL, 'admin', '2021-02-10 00:36:44', NULL, NULL, 0, 0, '1', 0);
INSERT INTO `sys_role_permission`(`id`, `role_id`, `permission_id`, `data_rule_ids`, `operate_date`, `operate_ip`) VALUES ('1359180111652057089', 'f6817f48af4fb3af11b9e8bf182f618b', '1359179432111894529', NULL, '2021-02-10 00:39:26', '0:0:0:0:0:0:0:1');
INSERT INTO `sys_role_permission`(`id`, `role_id`, `permission_id`, `data_rule_ids`, `operate_date`, `operate_ip`) VALUES ('1359180111660445698', 'f6817f48af4fb3af11b9e8bf182f618b', '1359180048058019842', NULL, '2021-02-10 00:39:26', '0:0:0:0:0:0:0:1');

INSERT INTO `sys_dict`(`id`, `dict_name`, `dict_code`, `description`, `del_flag`, `create_by`, `create_time`, `update_by`, `update_time`, `type`) VALUES ('1361356135227588609', '审批状态', 'tk_approval_status', '报备审批状态', 0, 'admin', '2021-02-16 00:46:10', NULL, NULL, 0);
INSERT INTO `sys_dict`(`id`, `dict_name`, `dict_code`, `description`, `del_flag`, `create_by`, `create_time`, `update_by`, `update_time`, `type`) VALUES ('1361356782589050881', '跟进客户情况', 'tk_follow_up_status', '报备后，对客户的跟进情况', 0, 'admin', '2021-02-16 00:48:44', NULL, NULL, 0);
INSERT INTO `sys_dict_item`(`id`, `dict_id`, `item_text`, `item_value`, `description`, `sort_order`, `status`, `create_by`, `create_time`, `update_by`, `update_time`) VALUES ('1361356257197948929', '1361356135227588609', '未审批', '1', '', 1, 1, 'admin', '2021-02-16 00:46:39', NULL, NULL);
INSERT INTO `sys_dict_item`(`id`, `dict_id`, `item_text`, `item_value`, `description`, `sort_order`, `status`, `create_by`, `create_time`, `update_by`, `update_time`) VALUES ('1361356306611044354', '1361356135227588609', '拒绝', '2', '', 1, 1, 'admin', '2021-02-16 00:46:51', NULL, NULL);
INSERT INTO `sys_dict_item`(`id`, `dict_id`, `item_text`, `item_value`, `description`, `sort_order`, `status`, `create_by`, `create_time`, `update_by`, `update_time`) VALUES ('1361356343059546114', '1361356135227588609', '通过', '3', '', 1, 1, 'admin', '2021-02-16 00:47:00', NULL, NULL);
INSERT INTO `sys_dict_item`(`id`, `dict_id`, `item_text`, `item_value`, `description`, `sort_order`, `status`, `create_by`, `create_time`, `update_by`, `update_time`) VALUES ('1361356833281409026', '1361356782589050881', '已选购客户', '1', '', 1, 1, 'admin', '2021-02-16 00:48:56', NULL, NULL);
INSERT INTO `sys_dict_item`(`id`, `dict_id`, `item_text`, `item_value`, `description`, `sort_order`, `status`, `create_by`, `create_time`, `update_by`, `update_time`) VALUES ('1361356895172558849', '1361356782589050881', '在谈客户', '2', '', 1, 1, 'admin', '2021-02-16 00:49:11', NULL, NULL);
INSERT INTO `sys_dict_item`(`id`, `dict_id`, `item_text`, `item_value`, `description`, `sort_order`, `status`, `create_by`, `create_time`, `update_by`, `update_time`) VALUES ('1361356965838192642', '1361356782589050881', '拓展客户', '3', '', 1, 1, 'admin', '2021-02-16 00:49:28', 'admin', '2021-02-16 00:51:39');
INSERT INTO `sys_dict_item`(`id`, `dict_id`, `item_text`, `item_value`, `description`, `sort_order`, `status`, `create_by`, `create_time`, `update_by`, `update_time`) VALUES ('1361357054786797569', '1361356782589050881', '报备客户', '4', '', 1, 1, 'admin', '2021-02-16 00:49:49', NULL, NULL);
INSERT INTO `sys_dict_item`(`id`, `dict_id`, `item_text`, `item_value`, `description`, `sort_order`, `status`, `create_by`, `create_time`, `update_by`, `update_time`) VALUES ('1361357558665314306', '1361356782589050881', '未成交客户', '5', '', 1, 1, 'admin', '2021-02-16 00:51:49', NULL, NULL);
-- ----------------------------
-- @date 03-18 data dict items
-- ----------------------------
INSERT INTO `sys_dict`(`id`, `dict_name`, `dict_code`, `description`, `del_flag`, `create_by`, `create_time`, `update_by`, `update_time`, `type`) VALUES ('1354445097802596353', '积分类型', 'tk_sign_type', '', 0, 'admin', '2021-01-27 23:04:10', NULL, NULL, 0);
INSERT INTO `sys_dict`(`id`, `dict_name`, `dict_code`, `description`, `del_flag`, `create_by`, `create_time`, `update_by`, `update_time`, `type`) VALUES ('1354445626859520002', '状态', 'tk_status', '用户级别状态使用', 0, 'admin', '2021-01-27 23:06:16', NULL, NULL, 0);
INSERT INTO `sys_dict`(`id`, `dict_name`, `dict_code`, `description`, `del_flag`, `create_by`, `create_time`, `update_by`, `update_time`, `type`) VALUES ('1354446088346206210', '账单来源', 'tk_bill_pm', '', 0, 'admin', '2021-01-27 23:08:07', NULL, NULL, 0);
INSERT INTO `sys_dict`(`id`, `dict_name`, `dict_code`, `description`, `del_flag`, `create_by`, `create_time`, `update_by`, `update_time`, `type`) VALUES ('1354446310531072002', '账单状态', 'tk_bill_status', '', 0, 'admin', '2021-01-27 23:08:59', NULL, NULL, 0);
INSERT INTO `sys_dict`(`id`, `dict_name`, `dict_code`, `description`, `del_flag`, `create_by`, `create_time`, `update_by`, `update_time`, `type`) VALUES ('1359169912488849409', '楼盘状态', 'tk_cell_status', '商品楼盘投入状态', 0, 'admin', '2021-02-09 23:58:54', NULL, NULL, 0);
INSERT INTO `sys_dict`(`id`, `dict_name`, `dict_code`, `description`, `del_flag`, `create_by`, `create_time`, `update_by`, `update_time`, `type`) VALUES ('1372572987682881538', '佣金记录状态', 'tk_brokerage_record_status', '佣金记录状态', 0, 'admin', '2021-03-18 23:37:56', 'admin', '2021-03-18 23:40:31', 0);
INSERT INTO `sys_dict`(`id`, `dict_name`, `dict_code`, `description`, `del_flag`, `create_by`, `create_time`, `update_by`, `update_time`, `type`) VALUES ('1372573761074790402', '佣金记录类型', 'tk_brokerage_record_type', '佣金记录类型', 0, 'admin', '2021-03-18 23:41:00', NULL, NULL, 0);
INSERT INTO `sys_dict`(`id`, `dict_name`, `dict_code`, `description`, `del_flag`, `create_by`, `create_time`, `update_by`, `update_time`, `type`) VALUES ('1372574101597749249', '佣金记录link类型', 'tk_brokerage_record_link_type', '佣金记录link类型', 0, 'admin', '2021-03-18 23:42:22', NULL, NULL, 0);


INSERT INTO `sys_dict_item`(`id`, `dict_id`, `item_text`, `item_value`, `description`, `sort_order`, `status`, `create_by`, `create_time`, `update_by`, `update_time`) VALUES ('1354445233253449730', '1354445097802596353', '积分', '1', '', 1, 1, 'admin', '2021-01-27 23:04:43', NULL, NULL);
INSERT INTO `sys_dict_item`(`id`, `dict_id`, `item_text`, `item_value`, `description`, `sort_order`, `status`, `create_by`, `create_time`, `update_by`, `update_time`) VALUES ('1354445293328465922', '1354445097802596353', '经验', '2', '', 1, 1, 'admin', '2021-01-27 23:04:57', NULL, NULL);
INSERT INTO `sys_dict_item`(`id`, `dict_id`, `item_text`, `item_value`, `description`, `sort_order`, `status`, `create_by`, `create_time`, `update_by`, `update_time`) VALUES ('1354445822418944002', '1354445626859520002', '禁止', '0', '', 1, 1, 'admin', '2021-01-27 23:07:03', NULL, NULL);
INSERT INTO `sys_dict_item`(`id`, `dict_id`, `item_text`, `item_value`, `description`, `sort_order`, `status`, `create_by`, `create_time`, `update_by`, `update_time`) VALUES ('1354445883093745665', '1354445626859520002', '正常', '1', '', 1, 1, 'admin', '2021-01-27 23:07:18', NULL, NULL);
INSERT INTO `sys_dict_item`(`id`, `dict_id`, `item_text`, `item_value`, `description`, `sort_order`, `status`, `create_by`, `create_time`, `update_by`, `update_time`) VALUES ('1354446160492429313', '1354446088346206210', '支出', '0', '', 1, 1, 'admin', '2021-01-27 23:08:24', NULL, NULL);
INSERT INTO `sys_dict_item`(`id`, `dict_id`, `item_text`, `item_value`, `description`, `sort_order`, `status`, `create_by`, `create_time`, `update_by`, `update_time`) VALUES ('1354446199520428034', '1354446088346206210', '获得', '1', '', 1, 1, 'admin', '2021-01-27 23:08:33', NULL, NULL);
INSERT INTO `sys_dict_item`(`id`, `dict_id`, `item_text`, `item_value`, `description`, `sort_order`, `status`, `create_by`, `create_time`, `update_by`, `update_time`) VALUES ('1354446508992954370', '1354446310531072002', '无效', '-1', '', 1, 1, 'admin', '2021-01-27 23:09:47', NULL, NULL);
INSERT INTO `sys_dict_item`(`id`, `dict_id`, `item_text`, `item_value`, `description`, `sort_order`, `status`, `create_by`, `create_time`, `update_by`, `update_time`) VALUES ('1354446569848111105', '1354446310531072002', '待确定', '0', '', 1, 1, 'admin', '2021-01-27 23:10:01', 'admin', '2021-01-27 23:10:25');
INSERT INTO `sys_dict_item`(`id`, `dict_id`, `item_text`, `item_value`, `description`, `sort_order`, `status`, `create_by`, `create_time`, `update_by`, `update_time`) VALUES ('1354446605604552705', '1354446310531072002', '有效', '1', '', 1, 1, 'admin', '2021-01-27 23:10:10', NULL, NULL);
INSERT INTO `sys_dict_item`(`id`, `dict_id`, `item_text`, `item_value`, `description`, `sort_order`, `status`, `create_by`, `create_time`, `update_by`, `update_time`) VALUES ('1359170027836403714', '1359169912488849409', '入住', '1', '', 1, 1, 'admin', '2021-02-09 23:59:21', NULL, NULL);
INSERT INTO `sys_dict_item`(`id`, `dict_id`, `item_text`, `item_value`, `description`, `sort_order`, `status`, `create_by`, `create_time`, `update_by`, `update_time`) VALUES ('1359170070173708289', '1359169912488849409', '在建', '2', '', 1, 1, 'admin', '2021-02-09 23:59:32', NULL, NULL);
INSERT INTO `sys_dict_item`(`id`, `dict_id`, `item_text`, `item_value`, `description`, `sort_order`, `status`, `create_by`, `create_time`, `update_by`, `update_time`) VALUES ('1359170111311441921', '1359169912488849409', '预售', '3', '', 1, 1, 'admin', '2021-02-09 23:59:41', NULL, NULL);
INSERT INTO `sys_dict_item`(`id`, `dict_id`, `item_text`, `item_value`, `description`, `sort_order`, `status`, `create_by`, `create_time`, `update_by`, `update_time`) VALUES ('1372573166494449666', '1372572987682881538', '订单创建', '1', '', 1, 1, 'admin', '2021-03-18 23:38:39', NULL, NULL);
INSERT INTO `sys_dict_item`(`id`, `dict_id`, `item_text`, `item_value`, `description`, `sort_order`, `status`, `create_by`, `create_time`, `update_by`, `update_time`) VALUES ('1372573215454560258', '1372572987682881538', '冻结期', '2', '', 1, 1, 'admin', '2021-03-18 23:38:50', NULL, NULL);
INSERT INTO `sys_dict_item`(`id`, `dict_id`, `item_text`, `item_value`, `description`, `sort_order`, `status`, `create_by`, `create_time`, `update_by`, `update_time`) VALUES ('1372573270580297730', '1372572987682881538', '完成', '3', '', 1, 1, 'admin', '2021-03-18 23:39:04', NULL, NULL);
INSERT INTO `sys_dict_item`(`id`, `dict_id`, `item_text`, `item_value`, `description`, `sort_order`, `status`, `create_by`, `create_time`, `update_by`, `update_time`) VALUES ('1372573343829622785', '1372572987682881538', '失效（订单退款）', '4', '', 1, 1, 'admin', '2021-03-18 23:39:21', NULL, NULL);
INSERT INTO `sys_dict_item`(`id`, `dict_id`, `item_text`, `item_value`, `description`, `sort_order`, `status`, `create_by`, `create_time`, `update_by`, `update_time`) VALUES ('1372573366193651713', '1372572987682881538', '提现申请', '5', '', 1, 1, 'admin', '2021-03-18 23:39:26', NULL, NULL);
INSERT INTO `sys_dict_item`(`id`, `dict_id`, `item_text`, `item_value`, `description`, `sort_order`, `status`, `create_by`, `create_time`, `update_by`, `update_time`) VALUES ('1372573879748427778', '1372573761074790402', '增加', '1', '', 1, 1, 'admin', '2021-03-18 23:41:29', NULL, NULL);
INSERT INTO `sys_dict_item`(`id`, `dict_id`, `item_text`, `item_value`, `description`, `sort_order`, `status`, `create_by`, `create_time`, `update_by`, `update_time`) VALUES ('1372573905446928385', '1372573761074790402', '扣减（提现）', '2', '', 1, 1, 'admin', '2021-03-18 23:41:35', NULL, NULL);
INSERT INTO `sys_dict_item`(`id`, `dict_id`, `item_text`, `item_value`, `description`, `sort_order`, `status`, `create_by`, `create_time`, `update_by`, `update_time`) VALUES ('1372574209697546241', '1372574101597749249', 'order', '1', '', 1, 1, 'admin', '2021-03-18 23:42:47', NULL, NULL);
INSERT INTO `sys_dict_item`(`id`, `dict_id`, `item_text`, `item_value`, `description`, `sort_order`, `status`, `create_by`, `create_time`, `update_by`, `update_time`) VALUES ('1372574254270414850', '1372574101597749249', 'extract', '2', '', 1, 1, 'admin', '2021-03-18 23:42:58', NULL, NULL);
INSERT INTO `sys_dict_item`(`id`, `dict_id`, `item_text`, `item_value`, `description`, `sort_order`, `status`, `create_by`, `create_time`, `update_by`, `update_time`) VALUES ('1372574283798315009', '1372574101597749249', 'yue', '3', '', 1, 1, 'admin', '2021-03-18 23:43:05', NULL, NULL);

-- ----------------------------
-- @date 03-18 update user pwd and user : demo permission
-- ----------------------------
UPDATE `sys_user` SET  `password` = 'f66ed9b9e7483351' WHERE `id` = '550ef5e766e243f287228d9cc19a4371';
UPDATE `sys_user` SET  `password` = '3849dc5f1deff2b6' WHERE `id` = 'e9ca23d68d884d4ebb19d07889727dae';

INSERT INTO `sys_role_permission`(`id`, `role_id`, `permission_id`, `data_rule_ids`, `operate_date`, `operate_ip`) VALUES ('1260929736852488194', 'ee8626f80f7c2619917b6236f3a7f02b', '1260929666434318338', NULL, NULL, NULL);
INSERT INTO `sys_role_permission`(`id`, `role_id`, `permission_id`, `data_rule_ids`, `operate_date`, `operate_ip`) VALUES ('1260931414095937537', 'ee8626f80f7c2619917b6236f3a7f02b', '1260931366557696001', NULL, NULL, NULL);
INSERT INTO `sys_role_permission`(`id`, `role_id`, `permission_id`, `data_rule_ids`, `operate_date`, `operate_ip`) VALUES ('1348266682759700481', 'ee8626f80f7c2619917b6236f3a7f02b', '1344093375562706946', NULL, '2021-01-10 21:53:21', '39.190.140.134');
INSERT INTO `sys_role_permission`(`id`, `role_id`, `permission_id`, `data_rule_ids`, `operate_date`, `operate_ip`) VALUES ('1348266682759700482', 'ee8626f80f7c2619917b6236f3a7f02b', '1344094113374334977', NULL, '2021-01-10 21:53:21', '39.190.140.134');
INSERT INTO `sys_role_permission`(`id`, `role_id`, `permission_id`, `data_rule_ids`, `operate_date`, `operate_ip`) VALUES ('1348266682759700483', 'ee8626f80f7c2619917b6236f3a7f02b', '1344466049577197569', NULL, '2021-01-10 21:53:21', '39.190.140.134');
INSERT INTO `sys_role_permission`(`id`, `role_id`, `permission_id`, `data_rule_ids`, `operate_date`, `operate_ip`) VALUES ('1348266682759700484', 'ee8626f80f7c2619917b6236f3a7f02b', '1344468973824974849', NULL, '2021-01-10 21:53:21', '39.190.140.134');
INSERT INTO `sys_role_permission`(`id`, `role_id`, `permission_id`, `data_rule_ids`, `operate_date`, `operate_ip`) VALUES ('1348266682759700486', 'ee8626f80f7c2619917b6236f3a7f02b', '1346129316862566402', NULL, '2021-01-10 21:53:21', '39.190.140.134');
INSERT INTO `sys_role_permission`(`id`, `role_id`, `permission_id`, `data_rule_ids`, `operate_date`, `operate_ip`) VALUES ('1348266682831003649', 'ee8626f80f7c2619917b6236f3a7f02b', '1260928341675982849', NULL, '2021-01-10 21:53:21', '39.190.140.134');
INSERT INTO `sys_role_permission`(`id`, `role_id`, `permission_id`, `data_rule_ids`, `operate_date`, `operate_ip`) VALUES ('1348266682831003650', 'ee8626f80f7c2619917b6236f3a7f02b', 'ebb9d82ea16ad864071158e0c449d186', NULL, '2021-01-10 21:53:21', '39.190.140.134');
INSERT INTO `sys_role_permission`(`id`, `role_id`, `permission_id`, `data_rule_ids`, `operate_date`, `operate_ip`) VALUES ('1348266682831003651', 'ee8626f80f7c2619917b6236f3a7f02b', '5c2f42277948043026b7a14692456828', NULL, '2021-01-10 21:53:21', '39.190.140.134');
INSERT INTO `sys_role_permission`(`id`, `role_id`, `permission_id`, `data_rule_ids`, `operate_date`, `operate_ip`) VALUES ('1348266682831003652', 'ee8626f80f7c2619917b6236f3a7f02b', '1174506953255182338', NULL, '2021-01-10 21:53:21', '39.190.140.134');
INSERT INTO `sys_role_permission`(`id`, `role_id`, `permission_id`, `data_rule_ids`, `operate_date`, `operate_ip`) VALUES ('1364826403184500738', 'ee8626f80f7c2619917b6236f3a7f02b', '1349529275626856450', NULL, '2021-02-25 14:35:46', '117.107.131.195');
INSERT INTO `sys_role_permission`(`id`, `role_id`, `permission_id`, `data_rule_ids`, `operate_date`, `operate_ip`) VALUES ('1364826403188695042', 'ee8626f80f7c2619917b6236f3a7f02b', '190c2b43bec6a5f7a4194a85db67d96a', NULL, '2021-02-25 14:35:46', '117.107.131.195');
INSERT INTO `sys_role_permission`(`id`, `role_id`, `permission_id`, `data_rule_ids`, `operate_date`, `operate_ip`) VALUES ('1364826403188695043', 'ee8626f80f7c2619917b6236f3a7f02b', '1351174774978121730', NULL, '2021-02-25 14:35:46', '117.107.131.195');
INSERT INTO `sys_role_permission`(`id`, `role_id`, `permission_id`, `data_rule_ids`, `operate_date`, `operate_ip`) VALUES ('1364826403201277954', 'ee8626f80f7c2619917b6236f3a7f02b', '1359179432111894529', NULL, '2021-02-25 14:35:46', '117.107.131.195');
INSERT INTO `sys_role_permission`(`id`, `role_id`, `permission_id`, `data_rule_ids`, `operate_date`, `operate_ip`) VALUES ('1364826403205472258', 'ee8626f80f7c2619917b6236f3a7f02b', '1359180048058019842', NULL, '2021-02-25 14:35:46', '117.107.131.195');
INSERT INTO `sys_role_permission`(`id`, `role_id`, `permission_id`, `data_rule_ids`, `operate_date`, `operate_ip`) VALUES ('16ef8ed3865ccc6f6306200760896c50', 'ee8626f80f7c2619917b6236f3a7f02b', 'e8af452d8948ea49d37c934f5100ae6a', NULL, NULL, NULL);
INSERT INTO `sys_role_permission`(`id`, `role_id`, `permission_id`, `data_rule_ids`, `operate_date`, `operate_ip`) VALUES ('326181da3248a62a05e872119a462be1', 'ee8626f80f7c2619917b6236f3a7f02b', '3f915b2769fc80648e92d04e84ca059d', NULL, NULL, NULL);
INSERT INTO `sys_role_permission`(`id`, `role_id`, `permission_id`, `data_rule_ids`, `operate_date`, `operate_ip`) VALUES ('7f862c47003eb20e8bad05f506371f92', 'ee8626f80f7c2619917b6236f3a7f02b', 'd7d6e2e4e2934f2c9385a623fd98c6f3', NULL, NULL, NULL);
INSERT INTO `sys_role_permission`(`id`, `role_id`, `permission_id`, `data_rule_ids`, `operate_date`, `operate_ip`) VALUES ('8f762ff80253f634b08cf59a77742ba4', 'ee8626f80f7c2619917b6236f3a7f02b', '9502685863ab87f0ad1134142788a385', NULL, NULL, NULL);
INSERT INTO `sys_role_permission`(`id`, `role_id`, `permission_id`, `data_rule_ids`, `operate_date`, `operate_ip`) VALUES ('c8571839e6b14796e661f3e2843b80b6', 'ee8626f80f7c2619917b6236f3a7f02b', '45c966826eeff4c99b8f8ebfe74511fc', NULL, NULL, NULL);
INSERT INTO `sys_role_permission`(`id`, `role_id`, `permission_id`, `data_rule_ids`, `operate_date`, `operate_ip`) VALUES ('fd86f6b08eb683720ba499f9d9421726', 'ee8626f80f7c2619917b6236f3a7f02b', '693ce69af3432bd00be13c3971a57961', NULL, NULL, NULL);

-- ----------------------------
-- @date 03-27 修改数据分类目录
-- ----------------------------
UPDATE `sys_category` SET `name` = '瓷砖产品', `update_time` = '2021-03-20 10:09:47' WHERE `id` = '1185039122143719425';
UPDATE `sys_category` SET `name` = '中国印象 文化陶瓷', `update_time` = '2021-03-20 10:11:09' WHERE `id` = '1185039176799694850';
UPDATE `sys_category` SET `name` = '地理石 抛釉砖',`update_time` = '2021-03-20 10:10:55' WHERE `id` = '1185039255115739138';
UPDATE `sys_category` SET `name` = 'E石代 亚光砖',`update_time` = '2021-03-20 10:10:40' WHERE `id` = '1185039299051073537';

-- ----------------------------
-- @date 04-17 增加导购客户目录
-- ----------------------------
INSERT INTO `sys_permission`(`id`, `parent_id`, `name`, `url`, `component`, `component_name`, `redirect`, `menu_type`, `perms`, `perms_type`, `sort_no`, `always_show`, `icon`, `is_route`, `is_leaf`, `keep_alive`, `hidden`, `description`, `create_by`, `create_time`, `update_by`, `update_time`, `del_flag`, `rule_flag`, `status`, `internal_or_external`) VALUES ('1381642956150861826', '1344466049577197569', '导购客户', '/guide/followup', 'toker/followup/TkGuideInfoList', NULL, NULL, 1, NULL, '1', 1.00, 0, 'profile', 1, 1, 0, 0, NULL, 'admin', '2021-04-13 00:18:45', 'admin', '2021-04-13 00:19:26', 0, 0, '1', 0);
INSERT INTO `sys_role_permission`(`id`, `role_id`, `permission_id`, `data_rule_ids`, `operate_date`, `operate_ip`) VALUES ('1381643545446379522', 'f6817f48af4fb3af11b9e8bf182f618b', '1381642956150861826', NULL, '2021-04-13 00:21:06', '0:0:0:0:0:0:0:1');






